error_id,stack_trace,root_cause,solution,stack_trace_embedding
1,Exception in thread 'main' TimeoutException: at com.system.AuthGateway.execute(AuthGateway.go:314),Downstream service latency high,Increase timeout settings,
2,Exception in thread 'main' MemoryError: at com.system.PaymentProcessor.execute(PaymentProcessor.py:216),Heap space exhausted due to large payload,Optimize memory usage,
3,Exception in thread 'main' MemoryError: at com.system.PaymentProcessor.execute(PaymentProcessor.py:306),Heap space exhausted due to large payload,Optimize memory usage,
4,Exception in thread 'main' NullPointerException: at com.system.QueryBuilder.execute(QueryBuilder.js:327),Uninitialized object reference,Add null-safety checks,
5,Exception in thread 'main' SyntaxError: at com.system.PaymentProcessor.execute(PaymentProcessor.py:346),Deployment of incompatible code version,Rollback to previous stable image,
6,Exception in thread 'main' PermissionError: at com.system.QueryBuilder.execute(QueryBuilder.js:488),Service account lacks necessary IAM roles,Update IAM policy,
7,Exception in thread 'main' MemoryError: at com.system.ConfigManager.execute(ConfigManager.py:352),Heap space exhausted due to large payload,Optimize memory usage,
8,Exception in thread 'main' MemoryError: at com.system.ApiClient.execute(ApiClient.js:145),Heap space exhausted due to large payload,Optimize memory usage,
9,Exception in thread 'main' ConnectionError: at com.system.LoggerService.execute(LoggerService.go:353),Invalid network configuration or firewall rule,Verify VPC peering,
10,Exception in thread 'main' DeadlockFound: at com.system.ConfigManager.execute(ConfigManager.py:171),Concurrent updates on the same database row,Refactor database transactions,
11,Exception in thread 'main' NullPointerException: at com.system.PaymentProcessor.execute(PaymentProcessor.py:244),Uninitialized object reference,Add null-safety checks,
12,Exception in thread 'main' TimeoutException: at com.system.QueryBuilder.execute(QueryBuilder.js:47),Downstream service latency high,Increase timeout settings,
13,Exception in thread 'main' MemoryError: at com.system.SchemaMigrator.execute(SchemaMigrator.py:269),Heap space exhausted due to large payload,Optimize memory usage,
14,Exception in thread 'main' ConnectionError: at com.system.ConfigManager.execute(ConfigManager.py:487),Invalid network configuration or firewall rule,Verify VPC peering,
15,Exception in thread 'main' TimeoutException: at com.system.ApiClient.execute(ApiClient.js:460),Downstream service latency high,Increase timeout settings,
16,Exception in thread 'main' PermissionError: at com.system.DataIndexer.execute(DataIndexer.java:155),Service account lacks necessary IAM roles,Update IAM policy,
17,Exception in thread 'main' DeadlockFound: at com.system.AuthGateway.execute(AuthGateway.go:436),Concurrent updates on the same database row,Refactor database transactions,
18,Exception in thread 'main' KeyError: at com.system.SchemaMigrator.execute(SchemaMigrator.py:323),Missing required field in incoming JSON,Implement schema validation,
19,Exception in thread 'main' NullPointerException: at com.system.SchemaMigrator.execute(SchemaMigrator.py:351),Uninitialized object reference,Add null-safety checks,
20,Exception in thread 'main' KeyError: at com.system.SchemaMigrator.execute(SchemaMigrator.py:487),Missing required field in incoming JSON,Implement schema validation,
21,Exception in thread 'main' ConnectionError: at com.system.PaymentProcessor.execute(PaymentProcessor.py:145),Invalid network configuration or firewall rule,Verify VPC peering,
22,Exception in thread 'main' TimeoutException: at com.system.PaymentProcessor.execute(PaymentProcessor.py:390),Downstream service latency high,Increase timeout settings,
23,Exception in thread 'main' ConnectionError: at com.system.SchemaMigrator.execute(SchemaMigrator.py:149),Invalid network configuration or firewall rule,Verify VPC peering,
24,Exception in thread 'main' MemoryError: at com.system.ConfigManager.execute(ConfigManager.py:377),Heap space exhausted due to large payload,Optimize memory usage,
25,Exception in thread 'main' MemoryError: at com.system.ApiClient.execute(ApiClient.js:361),Heap space exhausted due to large payload,Optimize memory usage,
26,Exception in thread 'main' DeadlockFound: at com.system.ConfigManager.execute(ConfigManager.py:138),Concurrent updates on the same database row,Refactor database transactions,
27,Exception in thread 'main' TimeoutException: at com.system.UserService.execute(UserService.java:334),Downstream service latency high,Increase timeout settings,
28,Exception in thread 'main' KeyError: at com.system.LoggerService.execute(LoggerService.go:32),Missing required field in incoming JSON,Implement schema validation,
29,Exception in thread 'main' PermissionError: at com.system.UserService.execute(UserService.java:404),Service account lacks necessary IAM roles,Update IAM policy,
30,Exception in thread 'main' KeyError: at com.system.AuthGateway.execute(AuthGateway.go:92),Missing required field in incoming JSON,Implement schema validation,
31,Exception in thread 'main' SyntaxError: at com.system.CacheValidator.execute(CacheValidator.java:297),Deployment of incompatible code version,Rollback to previous stable image,
32,Exception in thread 'main' TimeoutException: at com.system.UserService.execute(UserService.java:48),Downstream service latency high,Increase timeout settings,
33,Exception in thread 'main' NullPointerException: at com.system.AuthGateway.execute(AuthGateway.go:437),Uninitialized object reference,Add null-safety checks,
34,Exception in thread 'main' ConnectionError: at com.system.ApiClient.execute(ApiClient.js:230),Invalid network configuration or firewall rule,Verify VPC peering,
35,Exception in thread 'main' NullPointerException: at com.system.AuthGateway.execute(AuthGateway.go:167),Uninitialized object reference,Add null-safety checks,
36,Exception in thread 'main' NullPointerException: at com.system.ApiClient.execute(ApiClient.js:470),Uninitialized object reference,Add null-safety checks,
37,Exception in thread 'main' MemoryError: at com.system.ApiClient.execute(ApiClient.js:359),Heap space exhausted due to large payload,Optimize memory usage,
38,Exception in thread 'main' TimeoutException: at com.system.DataIndexer.execute(DataIndexer.java:191),Downstream service latency high,Increase timeout settings,
39,Exception in thread 'main' SyntaxError: at com.system.SchemaMigrator.execute(SchemaMigrator.py:327),Deployment of incompatible code version,Rollback to previous stable image,
40,Exception in thread 'main' MemoryError: at com.system.AuthGateway.execute(AuthGateway.go:452),Heap space exhausted due to large payload,Optimize memory usage,
41,Exception in thread 'main' ConnectionError: at com.system.AuthGateway.execute(AuthGateway.go:461),Invalid network configuration or firewall rule,Verify VPC peering,
42,Exception in thread 'main' NullPointerException: at com.system.LoggerService.execute(LoggerService.go:101),Uninitialized object reference,Add null-safety checks,
43,Exception in thread 'main' SyntaxError: at com.system.ApiClient.execute(ApiClient.js:420),Deployment of incompatible code version,Rollback to previous stable image,
44,Exception in thread 'main' KeyError: at com.system.DataIndexer.execute(DataIndexer.java:91),Missing required field in incoming JSON,Implement schema validation,
45,Exception in thread 'main' SyntaxError: at com.system.PaymentProcessor.execute(PaymentProcessor.py:456),Deployment of incompatible code version,Rollback to previous stable image,
46,Exception in thread 'main' DeadlockFound: at com.system.UserService.execute(UserService.java:123),Concurrent updates on the same database row,Refactor database transactions,
47,Exception in thread 'main' DeadlockFound: at com.system.DataIndexer.execute(DataIndexer.java:189),Concurrent updates on the same database row,Refactor database transactions,
48,Exception in thread 'main' MemoryError: at com.system.ConfigManager.execute(ConfigManager.py:124),Heap space exhausted due to large payload,Optimize memory usage,
49,Exception in thread 'main' MemoryError: at com.system.UserService.execute(UserService.java:214),Heap space exhausted due to large payload,Optimize memory usage,
50,Exception in thread 'main' KeyError: at com.system.ApiClient.execute(ApiClient.js:452),Missing required field in incoming JSON,Implement schema validation,
51,Exception in thread 'main' KeyError: at com.system.PaymentProcessor.execute(PaymentProcessor.py:189),Missing required field in incoming JSON,Implement schema validation,
52,Exception in thread 'main' SyntaxError: at com.system.SchemaMigrator.execute(SchemaMigrator.py:357),Deployment of incompatible code version,Rollback to previous stable image,
53,Exception in thread 'main' PermissionError: at com.system.SchemaMigrator.execute(SchemaMigrator.py:490),Service account lacks necessary IAM roles,Update IAM policy,
54,Exception in thread 'main' TimeoutException: at com.system.UserService.execute(UserService.java:459),Downstream service latency high,Increase timeout settings,
55,Exception in thread 'main' ConnectionError: at com.system.ConfigManager.execute(ConfigManager.py:307),Invalid network configuration or firewall rule,Verify VPC peering,
56,Exception in thread 'main' NullPointerException: at com.system.ConfigManager.execute(ConfigManager.py:65),Uninitialized object reference,Add null-safety checks,
57,Exception in thread 'main' SyntaxError: at com.system.QueryBuilder.execute(QueryBuilder.js:186),Deployment of incompatible code version,Rollback to previous stable image,
58,Exception in thread 'main' SyntaxError: at com.system.ApiClient.execute(ApiClient.js:320),Deployment of incompatible code version,Rollback to previous stable image,
59,Exception in thread 'main' TimeoutException: at com.system.SchemaMigrator.execute(SchemaMigrator.py:207),Downstream service latency high,Increase timeout settings,
60,Exception in thread 'main' MemoryError: at com.system.QueryBuilder.execute(QueryBuilder.js:140),Heap space exhausted due to large payload,Optimize memory usage,
61,Exception in thread 'main' SyntaxError: at com.system.UserService.execute(UserService.java:10),Deployment of incompatible code version,Rollback to previous stable image,
62,Exception in thread 'main' MemoryError: at com.system.SchemaMigrator.execute(SchemaMigrator.py:196),Heap space exhausted due to large payload,Optimize memory usage,
63,Exception in thread 'main' TimeoutException: at com.system.LoggerService.execute(LoggerService.go:495),Downstream service latency high,Increase timeout settings,
64,Exception in thread 'main' PermissionError: at com.system.ApiClient.execute(ApiClient.js:349),Service account lacks necessary IAM roles,Update IAM policy,
65,Exception in thread 'main' KeyError: at com.system.PaymentProcessor.execute(PaymentProcessor.py:269),Missing required field in incoming JSON,Implement schema validation,
66,Exception in thread 'main' SyntaxError: at com.system.ConfigManager.execute(ConfigManager.py:177),Deployment of incompatible code version,Rollback to previous stable image,
67,Exception in thread 'main' KeyError: at com.system.LoggerService.execute(LoggerService.go:293),Missing required field in incoming JSON,Implement schema validation,
68,Exception in thread 'main' MemoryError: at com.system.AuthGateway.execute(AuthGateway.go:225),Heap space exhausted due to large payload,Optimize memory usage,
69,Exception in thread 'main' ConnectionError: at com.system.LoggerService.execute(LoggerService.go:325),Invalid network configuration or firewall rule,Verify VPC peering,
70,Exception in thread 'main' KeyError: at com.system.QueryBuilder.execute(QueryBuilder.js:217),Missing required field in incoming JSON,Implement schema validation,
71,Exception in thread 'main' NullPointerException: at com.system.SchemaMigrator.execute(SchemaMigrator.py:165),Uninitialized object reference,Add null-safety checks,
72,Exception in thread 'main' MemoryError: at com.system.ConfigManager.execute(ConfigManager.py:230),Heap space exhausted due to large payload,Optimize memory usage,
73,Exception in thread 'main' PermissionError: at com.system.QueryBuilder.execute(QueryBuilder.js:248),Service account lacks necessary IAM roles,Update IAM policy,
74,Exception in thread 'main' DeadlockFound: at com.system.CacheValidator.execute(CacheValidator.java:355),Concurrent updates on the same database row,Refactor database transactions,
75,Exception in thread 'main' DeadlockFound: at com.system.DataIndexer.execute(DataIndexer.java:416),Concurrent updates on the same database row,Refactor database transactions,
76,Exception in thread 'main' TimeoutException: at com.system.AuthGateway.execute(AuthGateway.go:155),Downstream service latency high,Increase timeout settings,
77,Exception in thread 'main' PermissionError: at com.system.SchemaMigrator.execute(SchemaMigrator.py:57),Service account lacks necessary IAM roles,Update IAM policy,
78,Exception in thread 'main' KeyError: at com.system.DataIndexer.execute(DataIndexer.java:125),Missing required field in incoming JSON,Implement schema validation,
79,Exception in thread 'main' ConnectionError: at com.system.DataIndexer.execute(DataIndexer.java:22),Invalid network configuration or firewall rule,Verify VPC peering,
80,Exception in thread 'main' MemoryError: at com.system.UserService.execute(UserService.java:253),Heap space exhausted due to large payload,Optimize memory usage,
81,Exception in thread 'main' TimeoutException: at com.system.QueryBuilder.execute(QueryBuilder.js:243),Downstream service latency high,Increase timeout settings,
82,Exception in thread 'main' MemoryError: at com.system.LoggerService.execute(LoggerService.go:377),Heap space exhausted due to large payload,Optimize memory usage,
83,Exception in thread 'main' DeadlockFound: at com.system.LoggerService.execute(LoggerService.go:214),Concurrent updates on the same database row,Refactor database transactions,
84,Exception in thread 'main' ConnectionError: at com.system.DataIndexer.execute(DataIndexer.java:345),Invalid network configuration or firewall rule,Verify VPC peering,
85,Exception in thread 'main' TimeoutException: at com.system.UserService.execute(UserService.java:408),Downstream service latency high,Increase timeout settings,
86,Exception in thread 'main' MemoryError: at com.system.LoggerService.execute(LoggerService.go:100),Heap space exhausted due to large payload,Optimize memory usage,
87,Exception in thread 'main' DeadlockFound: at com.system.SchemaMigrator.execute(SchemaMigrator.py:35),Concurrent updates on the same database row,Refactor database transactions,
88,Exception in thread 'main' MemoryError: at com.system.SchemaMigrator.execute(SchemaMigrator.py:479),Heap space exhausted due to large payload,Optimize memory usage,
89,Exception in thread 'main' DeadlockFound: at com.system.PaymentProcessor.execute(PaymentProcessor.py:78),Concurrent updates on the same database row,Refactor database transactions,
90,Exception in thread 'main' PermissionError: at com.system.CacheValidator.execute(CacheValidator.java:496),Service account lacks necessary IAM roles,Update IAM policy,
91,Exception in thread 'main' SyntaxError: at com.system.CacheValidator.execute(CacheValidator.java:435),Deployment of incompatible code version,Rollback to previous stable image,
92,Exception in thread 'main' DeadlockFound: at com.system.SchemaMigrator.execute(SchemaMigrator.py:469),Concurrent updates on the same database row,Refactor database transactions,
93,Exception in thread 'main' DeadlockFound: at com.system.AuthGateway.execute(AuthGateway.go:240),Concurrent updates on the same database row,Refactor database transactions,
94,Exception in thread 'main' MemoryError: at com.system.ConfigManager.execute(ConfigManager.py:440),Heap space exhausted due to large payload,Optimize memory usage,
95,Exception in thread 'main' DeadlockFound: at com.system.ConfigManager.execute(ConfigManager.py:330),Concurrent updates on the same database row,Refactor database transactions,
96,Exception in thread 'main' KeyError: at com.system.DataIndexer.execute(DataIndexer.java:235),Missing required field in incoming JSON,Implement schema validation,
97,Exception in thread 'main' KeyError: at com.system.PaymentProcessor.execute(PaymentProcessor.py:130),Missing required field in incoming JSON,Implement schema validation,
98,Exception in thread 'main' PermissionError: at com.system.ConfigManager.execute(ConfigManager.py:173),Service account lacks necessary IAM roles,Update IAM policy,
99,Exception in thread 'main' TimeoutException: at com.system.SchemaMigrator.execute(SchemaMigrator.py:80),Downstream service latency high,Increase timeout settings,
100,Exception in thread 'main' MemoryError: at com.system.AuthGateway.execute(AuthGateway.go:206),Heap space exhausted due to large payload,Optimize memory usage,